{
  "project_info": {
    "project_number": "845336813802",
    "firebase_url": "https://fyp-placesapp.firebaseio.com",
    "project_id": "fyp-placesapp",
    "storage_bucket": "fyp-placesapp.appspot.com"
  },
  "client": [
    {
      "client_info": {
        "mobilesdk_app_id": "1:845336813802:android:81e677c864c42893377793",
        "android_client_info": {
          "package_name": "com.example.fyp_placesapp"
        }
      },
      "oauth_client": [
        {
          "client_id": "845336813802-acbdiuiupqpsm72h5p2n3c1vtgfibrsg.apps.googleusercontent.com",
          "client_type": 3
        }
      ],
      "api_key": [
        {
          "current_key": "AIzaSyBNO5rucve1UsLA8EIAUBN8GLagvocnl5A"
        }
      ],
      "services": {
        "appinvite_service": {
          "other_platform_oauth_client": [
            {
              "client_id": "845336813802-acbdiuiupqpsm72h5p2n3c1vtgfibrsg.apps.googleusercontent.com",
              "client_type": 3
            }
          ]
        }
      }
    },
    {
      "client_info": {
        "mobilesdk_app_id": "1:845336813802:android:11a0c087d68a2e51377793",
        "android_client_info": {
          "package_name": "com.example.placesapp"
        }
      },
      "oauth_client": [
        {
          "client_id": "845336813802-acbdiuiupqpsm72h5p2n3c1vtgfibrsg.apps.googleusercontent.com",
          "client_type": 3
        }
      ],
      "api_key": [
        {
          "current_key": "AIzaSyBNO5rucve1UsLA8EIAUBN8GLagvocnl5A"
        }
      ],
      "services": {
        "appinvite_service": {
          "other_platform_oauth_client": [
            {
              "client_id": "845336813802-acbdiuiupqpsm72h5p2n3c1vtgfibrsg.apps.googleusercontent.com",
              "client_type": 3
            }
          ]
        }
      }
    }
  ],
  "configuration_version": "1"
}